key;from;to
list.description.fans;"Nous vous invitons √† demander aux membres que vous placerez dans cette liste, de vous envoyer un cadeau par mois pour rester dans votre ""fan list"". De cette fa√ßon, votre fan club peut vous rapporter gros!";
list.description.to_know;"Nous vous invitons √† placer dans cette liste les membres ""int√©ressants"" qui vous ont fait une demande";
list.name.blocked;Utilisateurs bloqu√©s;
list.name.circle1;Cercle1;
list.name.family;Famille;
list.name.fans1;Fans1;
list.name.friends;Amis;
list.name.professionals;Liste pro;
list.name.retailers;Commer√ßants;
list.name.to_know;√Ä connaitre;
apply;Appliquer;
post;Poster;
firstWelcomeNotification.introduction;Tout d'abord, une petite pr√©sentation üßô;
firstWelcomeNotification.welcomeMessage;"Bienvenue <span class=""username"">{name}</span>, vous √™tes le membre n¬∞{userId}.";
back;Pr√©c√©dent;
house.block_me;Vous a bloqu√©;
house.blocked;Utilisateur bloqu√©;
house.flash;Demande;
house.flashes;Demandes;
house.return_to_myhouse;Retourner √† ma maison;
house.simulate_other_house;Voir comme un utilisateur;
house.user_in_list;Pr√©sent dans;
house.waiting;Demande en attente;
show_original;Voir l'original;
stats.daily_stats.new_signups;Nouvelles incriptions;
stats.daily_stats.reports;Publications Signal√©es;
stats.daily_stats.title;Statistiques journali√®res;
stats.days;jours;
stats.houses_use.count;Nb;
stats.houses_use.house;Maison;
stats.houses_use.title;Utilisation des maisons;
stats.houses_use.type;Type d'utilisateur;
stats.today;Aujourd‚Äôhui;
stats.unlimited;illimit√©;
stats.yesterday;Hier;
save;Sauvegarder;
login;Connexion;
admin.delete.message;√ätes-vous s√ªr de vouloir supprimer ce contenu ?;
admin.delete.title;Confirmer la suppression;
admin.delete_user.message;√ätes-vous s√ªr de vouloir supprimer ce compte ?;
admin.delete_user.title;Confirmer la suppression;
admin.ignore.message;√ätes-vous s√ªr de vouloir ignorer ce signalement ?;
admin.ignore.title;Ignorer le signalement;
admin.ignored;Signalement ignor√©.;
admin.report.content;Contenu;
admin.report.count;Nb;
admin.report.type;Type;
admin.report.user;Utilisateur;
admin.reported_count;Contenu signal√© {count} fois;
admin.reports;Signalements;
admin.reports_deleted;{count} contenus supprim√©s;
admin.view_comment;Voir le commentaire;
admin.view_message;Voir la conversation;
admin.view_photo;Voir la photo;
admin.view_post;Voir la discussion;
admin.view_status;Voir le status;
me;Moi;
sex.bakery;Boulangerie;
sex.barnuit;Bar de nuit;
sex.beauty;Esth√©tique;
sex.butchery;Boucherie;
sex.cafe;Caf√©;
sex.celebrity;C√©l√©brit√©;
sex.clothes;V√™tements;
sex.discotheque;Discoth√®que;
sex.electrician;Electricien;
sex.fastfood;Fast food;
sex.female;Femme;
sex.florist;Fleuriste;
sex.hotel;H√¥tel;
sex.jewelry;Joaillerie;
sex.male;Homme;
sex.market;March√©;
sex.other;Autre;
sex.plumbing;Plomberie;
sex.renovation;R√©novation;
sex.restaurant;Restaurant;
sex.stylist;Coiffeur;
sex.taxi;Taxi;
sex.vtc;VTC;
notifications.forgotten_password;Email de r√©initialisation de votre mot de passe envoy√© √† l'adresse {email}.;
block_user.block;Bloquer;
block_user.blocked;Utilisateur bloqu√©!;
block_user.blockedBy;"Vous avez √©t√© bloqu√© par {name} et il a automatiquement √©t√© bloqu√© en retour. \n Vous n'avez plus acc√®s √† ses status, photos et commentaires. Vous ne pouvez plus lui envoyer de demande. \n Pour vous d√©bloquez, chacun devra retirer l'autre de sa liste d'utilisateurs bloqu√©s.";
block_user.details;{name} sera pr√©venu de son blocage et vous serez automatiquement bloqu√© en retour. Pour vous d√©bloquez, chacun devra retirer l'autre de sa liste d'utilisateurs bloqu√©s.;
block_user.text;{name} n'aura plus acc√®s √† vos status, photos et commentaires. Il ne pourra plus vous envoyer de demande.;
block_user.title;Bloquer {name};
create;Cr√©er;
profile.not_rated;Non not√©;
profile.personality;Personnalit√©;
profile.physical;Physique;
profile.rate;Notes re√ßues;
profile.update;Mise √† jour;
send_flash;Ajouter;
forgotten_password;Mot de passe oubli√©;
rate;Noter;
register;Inscription;
filter;Filtrer;
sharing;Partage de;
reply;R√©pondre;
status.message;Statut :;
response.ethnicity.african;africaine;
response.ethnicity.asian;asiatique;
response.ethnicity.australian;australienne;
response.ethnicity.european;europ√©enne;
response.ethnicity.indian;indienne;
response.ethnicity.native_american;am√©rindienne;
response.ethnicity.oceanian;oc√©anique;
response.ethnicity.other;autre;
response.ethnicity.russian;russe;
response.ethnicity.turkish;turque;
response.eye_color.blue;bleus;
response.eye_color.brown;bruns;
response.eye_color.green;verts;
response.eye_color.wall;vairons;
response.family.brother;fr√®re;
response.family.cousin;cousin;
response.family.daughter;fille;
response.family.father;p√®re;
response.family.granddaughter;petite-fille;
response.family.grandfather;grand-p√®re;
response.family.grandmother;grand-m√®re;
response.family.grandson;petit-fils;
response.family.mother;m√®re;
response.family.sister;soeur;
response.family.son;fils;
response.fashion_style.athletic;sportif;
response.fashion_style.marginal;marginal;
response.fashion_style.relaxed;relax√©;
response.fashion_style.sophisticated;rafin√©;
response.hair_color.black;noir;
response.hair_color.blond;blond;
response.hair_color.dark_bond;chatain;
response.hair_color.extrovert;extraverti;
response.hair_color.grey;gris;
response.hair_color.red_hair;roux;
response.hair_color.white;blanc;
response.hair_size.long;longs;
response.hair_size.semi_long;mi-longs;
response.hair_size.shaved;ras√©;
response.hair_size.short;courts;
response.hair_type.frizzy;fris√©s;
response.hair_type.kinky;cr√©pus;
response.hair_type.silky;soyeux;
response.hair_type.straight;raides;
response.hair_type.thick;√©pais;
response.hair_type.thin;fins;
response.hair_type.wavy;ondul√©s;
response.interests.art;art;
response.interests.board_game;jeux de soci√©t√©;
response.interests.cinema;cin√©ma;
response.interests.computer;informatique;
response.interests.cooking;cooking;
response.interests.craft;bricolage;
response.interests.decoration;d√©coration;
response.interests.friend;amis;
response.interests.history;histoire;
response.interests.holidays;vacances;
response.interests.music;musique;
response.interests.nature;nature;
response.interests.other;autre;
response.interests.painting;peinture;
response.interests.pets;animaux;
response.interests.photography;photographie;
response.interests.politics;politique;
response.interests.reading;lecture;
response.interests.restaurant;restaurant;
response.interests.shopping;shopping;
response.interests.sport;sport;
response.interests.theater;th√©atre;
response.interests.traveling;voyages;
response.interests.video_games;jeu vid√©o;
response.money.gambler;flambeur;
response.money.moderate;mod√©r√©;
response.money.spender;d√©pensier;
response.money.thrifty;√©conome;
response.money.tightfisted;radin;
response.planned.afternoon;cette apr√®s-midi;
response.planned.autumn_holidays;ces vacances d'automne;
response.planned.christmas_holidays;ces vacances de No√´l;
response.planned.dinner;ce diner;
response.planned.evening;ce soir;
response.planned.morning;ce matin;
response.planned.new_year_holidays;ces vacances de nouvel an;
response.planned.night;cette nuit;
response.planned.noon;ce midi;
response.planned.spring_holidays;ces vacances de printemps;
response.planned.summer_holidays;ces vacances d'√©t√©;
response.planned.week;cette semaine;
response.planned.weekend;ce week-end;
response.planned.winter_holidays;ces vacances d'hiver;
response.sexual_orientation.bi;bisexuel;
response.sexual_orientation.curious;curieux(se);
response.sexual_orientation.gay;gay;
response.sexual_orientation.lesbian;lesbienne;
response.sexual_orientation.other;autre;
response.sexual_orientation.straight;h√©t√©ro;
response.status.boyfriend;boyfriend;
response.status.change_message;Votre situation matrimoniale a bien √©t√© modifi√©e;
response.status.civil_partnership;pacs√©;
response.status.cohabitant;concubin(e);
response.status.free_union;union libre;
response.status.girlfriend;girlfriend;
response.status.married;mari√©(e);
response.status.single;c√©libataire;
buy;Acheter;
baseline;Organise ton univers!;
modal.withdraw.account;Compte bancaire;
modal.withdraw.add_account;Ajouter un compte bancaire;
modal.withdraw.amount;Montant;
modal.withdraw.disabled_accounts;Comptes bancaire d√©sactiv√©s;
modal.withdraw.fees;Frais;
modal.withdraw.select_account;S√©lectionner un compte bancaire;
modal.withdraw.success;Votre virement a √©t√© effectu√©;
modal.withdraw.total;Total;
modal.inventory_convert.confirm;Etes-vous s√ªre de convertir ce cadeau?;
modal.inventory_convert.credit_left;Vous pouvez ajouter des objets √† votre conversion, si vous validez, ce montant sera perdu.;
modal.inventory_convert.from;√Ä convertir;
modal.inventory_convert.no_result;Aucune conversion possible pour cet objet.;
modal.inventory_convert.remaining;Restant :;
modal.inventory_convert.select_new_gifts;Sectionnez les nouveaux objets que vous souhaitez obtenir.;
modal.inventory_convert.title;Conversion;
modal.inventory_convert.to;R√©sultat;
modal.filters.age;√¢ge;
modal.filters.lists;Filtrer par listes;
modal.filters.more;Plus de crit√®res;
modal.filters.no_filter;Aucun filtre;
modal.filters.professionals;Filtres professionnels;
modal.filters.searches;Filtrer par recherches;
modal.filters.title;Qui va apparaitre sur la carte;
modal.filters.users;Filtres utilisateurs;
modal.activities.answer;"<span class=""username"">{name}</span> a r√©pondu √† votre commentaire :";
modal.activities.comment;"<span class=""username"">Vous</span> avez comment√© <span class=""username"">{target}</span> de <span class=""username"">{name}</span> :";
modal.activities.comment_my_activity;"<span class=""username"">Vous</span> avez comment√© <span class=""username"">{target}</span> :";
modal.activities.load_more;Charger plus d'activit√©s;
modal.activities.mentions;"<span class=""username"">{name}</span> vous a identifi√© dans <span class=""username"">{target}</span> :";
modal.activities.rate;"<span class=""username"">Vous</span> avez not√© <span class=""username"">{target}</span> de <span class=""username"">{name}</span> :";
modal.activities.user_comment_my_activity;"<span class=""username"">{name}</span> a comment√© <span class=""username"">{target}</span> :";
modal.rate_field.it_title;Note de l'utilisateur;
modal.rate_field.my_title;Note des utilisateurs;
modal.rate_field.title;Noter {name};
modal.my_lists.add;Ajouter une liste;
modal.my_lists.new;Nouvelle liste;
modal.my_lists.title;Mes Listes;
modal.account.confirm;√ätes-vous s√ªr de vouloir supprimer votre compte ?;
modal.account.delete;Supprimer mon compte;
modal.account.deleted;Votre compte a √©t√© supprim√©;
modal.account.title;Mon compte;
modal.inventory_sell.from;√Ä vendre;
modal.inventory_sell.kyc.message;Pour pouvoir vendre vos cadeaux, vous devez valider votre identit√©.;
modal.inventory_sell.kyc.title;Valider mon identit√©;
modal.my_flashs.sent;"<span class=""username"">{name}</span> vous a envoy√© une demande:";
modal.my_flashs.title;Mes Demandes;
modal.rate_photo.my_title;Note de ma photo;
modal.rate_photo.title;Noter la photo;
modal.my_photos.add;Ajouter une photo;
modal.my_photos.add_album;Cr√©er un album;
modal.my_photos.confirm_new_album;Nouvel album cr√©√©;
modal.my_photos.new_album;Nouvel album;
modal.my_photos.title;Mes photos;
modal.rate_request.title;Demandes d'√©valuation;
modal.rate_request.validation;Votre note a bien √©t√© enregistr√©e;
modal.inventory_from.bought;Vous en poss√©dez {count} que vous avez achet√©;
modal.inventory_from.title;Offert par;
modal.saved_search.no_saved_search;Aucune recherche sauvegard√©e;
modal.saved_search.title;Recherches Favorites;
modal.profile.member;{name} est le membre n¬∞{userId};
modal.profile.title;Infos;
modal.rate.average;Moyenne;
modal.credits.credit;cr√©dit;
modal.credits.credits;cr√©dits;
modal.credits.title;Achat de cr√©dits;
modal.edit_photo.title;Photo;
modal.rate_status.title;Noter le statut;
modal.status.delete_card;Supprimer l'aper√ßu;
modal.status.loading_card;Chargement de l'aper√ßu...;
modal.status.new;Nouveau statut;
modal.status.open_link;Ouvrir;
modal.status.publish;"<span class=""username"">{name}</span> a publi√© un statut :";
modal.status.title;Statut;
modal.discussions.explore_public;Explorer les discussions publiques;
modal.discussions.join.confirm;√ätes-vous s√ªr de vouloir rejoindre cette discussion ?;
modal.discussions.join.requested;Demande envoy√©e;
modal.discussions.join.title;Rejoindre;
modal.discussions.join.waiting;Demande en attente;
modal.discussions.new;Nouvelle discussion;
modal.discussions.people;Participants;
modal.discussions.public;Discussions Publiques;
modal.discussions.title;Discussions;
modal.my_profile.company;Entreprise;
modal.my_profile.location;Localisation;
modal.my_profile.max_show_data;Vous ne pouvez pas afficher plus de 3 informations sur votre pancarte;
modal.my_profile.member;Vous √™tes le membre n¬∞{userId};
modal.my_profile.title;Mes infos;
modal.inventory.buy_gifts;Acheter des cadeaux;
modal.inventory.cash;Encaisser;
modal.inventory.confirm.message;Le cadeau #{gift_id} a √©t√© offert au client.;
modal.inventory.confirm.title;Cadeau r√©cup√©r√©;
modal.inventory.convert;Convertir;
modal.inventory.for_me;Pour moi;
modal.inventory.for_other;Pour quelqu'un;
modal.inventory.gift_loading;R√©cup√©ration des donn√©es du cadeau #{gift_id};
modal.inventory.gifts;Mes cadeaux;
modal.inventory.qrcode;Le commer√ßant va scanner ce qrcode et vous offrir votre cadeau. Il disparaitra de votre inventaire apr√®s 1 minute.;
modal.inventory.scanner_help;Placez un Qr Code provenant d'un cadeau envoy√© √† un autre utilisateur;
modal.inventory.sell;Vendre;
modal.inventory.sent;"Cadeau de <span class=""username"">{name}</span>";
modal.inventory.title;Inventaire;
modal.inventory.total;Total;
modal.inventory.value;Valeur;
modal.inventory.wallet;Mon porte-monnaie;
modal.flash_user.add_multiples_to_lists;Quand les utilisateurs accepteront votre demande, ils seront ajout√©s √† la liste;
modal.flash_user.add_to_lists;Quand l'utilisateur acceptera votre demande, il sera ajout√© √† la liste;
modal.flash_user.message_placeholder;Ceci est une demande d'ajout;
modal.search.distance;Moins de;
modal.search.group;un groupe;
modal.search.help.address;Vous pouvez mettre la ville ou la r√©gion.;
modal.search.help.birthdate;jour/mois/ann√©e ou ann√©e seulement;
modal.search.help.selectedBirthdate;Date reconnue: {date};
modal.search.individual;un membre;
modal.search.members;Aucun membre | {n} membre | {n} membres;
modal.search.name_length;Le @:user.name doit contenir au moins 2 caract√®res;
modal.search.no_result;La recherche n'a donn√© aucun r√©sultat;
modal.search.or;ou;
modal.search.results;R√©sultats de la recherche :;
modal.search.search;Rechercher;
modal.search.search_name;Donner un nom √† cette recherche;
modal.search.search_saved;La recherche a √©t√© sauvegard√©e;
modal.search.title;Nouvelle Recherche;
modal.new_photo.action_sheet_title;Que voulez-vous faire ?;
modal.new_photo.add;Ajoutez une photo;
modal.new_photo.capture;Prendre une nouvelle photo;
modal.new_photo.capture_video;Prendre une nouvelle video;
modal.new_photo.select;Choisir depuis la phototh√®que;
modal.new_photo.title;Nouvelle photo;
modal.photo_details.confirm_user_picture;Votre photo de profil a √©t√© chang√©e !;
modal.photo_details.move_to_album;D√©placer dans un album;
modal.photo_details.moved_to_album;D√©plac√©e dans l'album;
modal.photo_details.set_user_picture;D√©finir comme photo de profil;
modal.photo_details.title;D√©tails;
modal.discussion.delete_discussion;Supprimer la discussion;
modal.discussion.edit_users;G√©rer les participants;
modal.discussion.name;Nom de la discussion;
modal.discussion.public;Publique;
modal.discussion.quit_discussion;Quitter la discussion;
modal.discussion.requests;Demandes en attente;
modal.discussion.view_requests;Voir les demandes en attente;
modal.conversation.delete_conversation;Supprimer la conversation;
modal.conversation.delete_messages;Supprimer des messages;
modal.conversation.expiration_title;Autodestruction du message;
modal.my_activity.title;Mon activit√©;
modal.discussion_users.current;Participants actuels;
modal.discussion_users.new;Ajouter les participants;
modal.ads.add_success;Bon plan cr√©√© avec succ√®s;
modal.ads.add_title;Cr√©er un bon plan;
modal.ads.buy_credits;Acheter des cr√©dits;
modal.ads.choose_target;Choix de la cible:;
modal.ads.cost_credit;Co√ªt: {cost} cr√©dit(s);
modal.ads.credit_bought;Cr√©dits achet√©s !;
modal.ads.lack_credit;Il vous manque {count} cr√©dit(s).;
modal.ads.length_days;Dur√©e en jours:;
modal.ads.no_searches;Vous devez enregistrer une recherche afin de pouvoir la s√©lectionner comme cible de votre bon plan.;
modal.ads.number_targets;Nombre de personnes cibl√©es: {numberTargets};
modal.ads.photo_btn;Choisir votre visuel;
modal.ads.photo_helper;Si votre support de communication est au format PDF, ouvrez-le sur votre mobile et faites une capture d'√©cran pour pouvoir utiliser l'image sur Didab.;
modal.ads.title;Bons Plans;
modal.ads.your_credit;Votre cr√©dit: {credit};
modal.photos.title;Photos;
modal.gifts.sent;"<span class=""username"">{name}</span> vous a envoy√© un cadeau:";
modal.gifts.title;Mes cadeaux;
modal.offer_gift.buy;Objet ajout√© √† votre inventaire;
modal.offer_gift.custom_gift;{count} utilisateurs s√©lectionn√©s;
modal.offer_gift.for_me;Pour moi;
modal.offer_gift.for_user;Pour {name};
modal.offer_gift.lists;Listes;
modal.offer_gift.message;Message;
modal.offer_gift.searches;Recherches;
modal.offer_gift.sent;Cadeau envoy√© !;
modal.offer_gift.title;Offrir un cadeau;
modal.offer_gift.user_pack;{count} utilisateurs;
modal.offer_gift.users;Utilisateurs;
modal.new_status.edit_title;Modifier statut;
modal.new_status.everybody;Tout le monde;
modal.new_status.expired_at;S'autod√©truira le :;
modal.new_status.expired_in;S'autod√©truira dans :;
modal.new_status.only;Uniquement;
modal.new_status.ratable;√Ä noter par :;
modal.new_status.title;Nouveau statut;
modal.new_status.visible_to;Visible par :;
modal.kyc.added;Ajout√©;
modal.kyc.country_of_residence;Pays de r√©sidence;
modal.kyc.file_too_big;Le fichier d√©passe 10Mb.;
modal.kyc.identity_proof;Document d'identit√©;
modal.kyc.identity_proof_desc;Tel qu'un permis de conduire ou un passeport.;
modal.kyc.nationality;Nationalit√©;
modal.kyc.title;Identit√©;
modal.kyc.verification_pending;Votre demande de v√©rification est en attente.;
modal.kyc.verification_sent;Votre demande de v√©rification a √©t√© envoy√©e.;
modal.kyc.verify;Verifier mon profile;
modal.conversations.new;Nouveau message;
modal.conversations.receiver;Destinataire;
modal.conversations.title;Messages;
modal.my_status.new;Nouveau statut;
modal.my_status.publish;Vous avez publi√© un statut :;
modal.my_status.title;Mes Statuts;
modal.edit_user.add_to_lists;Ajouter l'utilisateur aux listes;
modal.edit_user.create_new_list;Cr√©er une nouvelle liste;
modal.edit_user.existing_lists;Listes existantes;
modal.edit_user.in_lists;L'utilisateur est pr√©sent dans les listes;
modal.edit_user.remove_from_lists;Supprimer de mes listes;
modal.edit_user.remove_from_lists_message;Attention {name} n'est plac√© dans aucune liste, si vous validez, vous le supprimerez de vos contacts.;
lang.fr;Fran√ßais;
search;Rechercher;
address.city;Ville;
address.country;Pays;
address.line1;Adresse ligne 1;
address.line2;Adresse ligne 2;
address.region;R√©gion;
address.zip_code;Code postal ;
modify;Modifier;
unit.day;jour;
unit.days;jours;
unit.hour;heure;
unit.hours;heures;
unit.infinite;infini;
unit.minute;minute;
unit.minutes;minutes;
unit.month;mois;
unit.months;mois;
unit.second;seconde;
unit.seconds;secondes;
type.professional;Commer√ßant;
type.user;Utilisateur;
close;Fermer;
user.address;Adresse postale;
user.birthdate;Date de naissance;
user.birthdate_hint;Les personnes de moins de 13 ans ne sont pas autoris√©es √† utiliser Didab;
user.email;Email;
user.first_name;Pr√©nom;
user.geolocation;Autorisez Didab √† me geolocaliser;
user.lang;Langue de l'application;
user.last_name;Nom;
user.maiden_name;Nom de jeune fille;
user.member_id;Num√©ro de membre;
user.name;Pseudo;
user.password;Mot de passe;
user.passwordConfirm;Confirmation du mot de passe;
user.phone_number;T√©l√©phone;
user.sex;Civilit√©;
user.shop_type;Type de commerce;
user.status;Statut;
user.type;Compte;
not_allowed;{name} ne vous autorise pas cette fonction;
delete;Supprimer;
field.family;famille;
field.humor;humour;
field.waiting_time;d√©lai;
field.sexual_orientation;orientation sexuelle;
field.modernity;modernit√©;
field.advice;conseil;
field.attendance;assiduit√©;
field.strength;force;
field.punctuality;ponctualit√©;
field.intellect;intelligence;
field.live_at;habite √†;
field.dynamism;dynamisme;
field.helpfulness;serviabilit√©;
field.ambition;ambition;
field.hair_size;taille des cheveux;
field.ethnicity;origine ethnique;
field.ability;comp√©tence;
field.curiosity;curiosit√©;
field.listening;√† l'√©coute;
field.muscular_mass;masse musculaire;
field.planned;ce que je pr√©vois;
field.body_beauty;beaut√© corps;
field.sportsmanship;sportivit√©;
field.after-sales_service_department;service apr√®s-vente;
field.sex;@:user.sex;
field.hair_color;couleur des cheveux;
field.distance;Distance;
field.ass_beauty;beaut√© fesses;
field.fashion_style;style vestimentaire;
field.service;service;
field.status;statut;
field.optimism;optimisme;
field.age;√Çge;
field.hair_type;type de cheveux;
field.public_spirit;civisme;
field.money;argent;
field.height;taille;
field.reception;accueil;
field.weight;poids;
field.eye_beauty;beaut√© yeux;
field.type;Type;
field.interests;centres d'int√©r√™ts;
field.hygiene;hygi√®ne;
field.communication;communication;
field.bravery;courage;
field.fat_mass;masse graisseuse;
field.work_at;travaille √†;
field.creativity;cr√©ativit√©;
field.accuracy;pr√©cision;
field.sympathy;sympathie;
field.hair_beauty;beaut√© cheveux;
field.availability;disponibilit√©;
field.face_beauty;beaut√© visage;
field.eye_color;couleur des yeux;
field.chest_beauty;beaut√© poitrine;
field.flexibility;souplesse;
field.stamina;endurance;
field.autonomy;autonomie;
field.know-how;savoir-faire;
field.general_beauty;beaut√© g√©n√©rale;
field.charisma;charisme;
dateFormat;DD/MM/YYYY;
help.add.message;"Vous devez ajouter <span class=""username"">{name}</span> afin d'acc√©der √† cette fonctionnalit√©.";
help.add.title;Ajouter;
help.center.message;C'est ici que vous retrouverez l'activit√© des membres affich√©s dans votre village.;
help.center.title;Centre du village;
help.filter.message;C'est √† l'aide de cette fonction que vous affichez quelle(s) liste(s) de membres appara√Æt dans votre village.;
help.filter.title;Filtre;
help.fire.message;Allumer un feu manifeste votre envie de discuter.;
help.fire.title;Feu de camp;
help.gauge.message;{user} vous demande de noter une de ses publications.;
help.gauge.title;Notation;
help.list.message;Chaque membre du r√©seau peut √™tre visible. √Ä vous de placer ces membres dans une ou plusieurs listes de votre choix.;
help.list.title;Mes listes;
help.myHouse.message;C'est ici que vous g√©rez votre profil, votre activit√© et vos contacts.;
help.myHouse.second_message;Vous pouvez personnaliser votre maison depuis le menu.;
help.myHouse.title;Ma maison;
help.others.message;Note que les utilisateurs vous donneront;
help.others.message_other_house;Note re√ßue par les autres utilisateurs;
help.others.title;Selon les autres;
help.others.title_other_house;Selon les autres;
help.profile.message;Pour le moment, vos caract√©ristiques sont visibles et √† noter par tout le monde. Pour chaque information, vous pouvez modifier ces param√®tres et ainsi choisir qui peut y avoir acc√®s.;
help.profile.title;Conseil @:modal.my_profile.title;
help.self.message;Notez-vous;
help.self.message_other_house;La note que {name} s'est donn√©;
help.self.title;Selon vous;
help.self.title_other_house;Selon {name};
help.visible.message;Il se peut qu'une de vos anciennes connaissances n'ait que cette information pour vous retrouver sur DIDAB. Si vous la rendez visible uniquement √† vos listes, cette personne ne pourra pas vous trouver avec la fonction recherche.;
help.visible.title;Conseil visibilit√©;
errors.addedToList.error;Une erreur est survenue lors de l'ajout de l'utilisateur √† la liste {name};
errors.ads.add;Une erreur est survenue lors de la publication du bon plan;
errors.ads.price;Une erreur est survenue lors de la r√©cup√©ration du prix;
errors.album.add;Une erreur est survenue lors de la sauvegarde de votre album;
errors.comment.add;Une erreur est survenue lors de la publication du commentaire;
errors.discussions.add;Une erreur est survenue lors de la cr√©ation de la discussion;
errors.flash.blocked;Impossible d'envoyer une demande √† {userName}, il / elle vous a bloqu√©;
errors.flash.error;Une erreur est survenue lors de l'envoi de la demande;
errors.forgotten_password.error;Une erreur est survenue lors de la r√©cup√©ration du mot de passe;
errors.generic;Une erreur est survenue.;
errors.houses.error;Une erreur est survenue lors de la r√©cup√©ration des maisons autour de vous;
errors.inventory.get;Une erreur est survenue lors de la r√©cup√©ration des informations;
errors.inventory.scan;Une erreur est survenue lors du scan de Qr code;
errors.inventory_convert.convert;Erreur lors de la conversion.;
errors.inventory_sell.sell;Erreur lors de la vente.;
errors.kyc.verify;Une erreur est survenue lors de la demande de v√©rification;
errors.list.add;Une erreur est survenue lors de la cr√©ation de la liste;
errors.list.delete;Une erreur est survenue lors de la suppression de la liste {name};
errors.lists.error;Une erreur est survenue lors de la r√©cup√©ration des listes;
errors.login.bad_password;Mot de passe incorrect;
errors.login.email;Email valide requis;
errors.login.error;Une erreur est survenue lors de la connexion;
errors.login.no_email;L'email saisie n'existe pas chez Didab;
errors.login.password;Mot de passe requis;
errors.no_connection.offline;Didab n'a pas acc√®s √† internet. Avez-vous activ√© votre wifi ou vos donn√©es mobiles ?;
errors.offer_gift.no_list;Aucune de vos listes ne contient d'utilisateur.;
errors.offer_gift.unavailable;L'objet n'est pas disponible √† l'achat actuellement.;
errors.photo.add;Une erreur est survenue lors de la publication de la photo;
errors.photo.duration;La vid√©o ne doit pas durer plus de 60 secondes;
errors.photo.edit;Une erreur est survenue lors de la modification de la photo;
errors.photo.move;Une erreur est survenue lors du d√©placement de la photo;
errors.photo.pick;Une erreur est survenue lors de la r√©cup√©ration de la photo;
errors.photo.village;Une erreur est survenue lors de la r√©cup√©ration des photos des utilisateurs alentours;
errors.register.address;L'adresse postale est requise;
errors.register.birthdate;La date de naissance est requise;
errors.register.email;Adresse email d√©j√† utilis√©e;
errors.register.error;Une erreur est survenue lors de l'inscription;
errors.register.getAddress;Impossible de r√©cup√©rer les d√©tails de l'adresse, veuillez recommencer;
errors.register.lang;La langue est requise;
errors.register.name;Le pseudo est requis;
errors.register.passwordConfirm;Le mot de passe et la confirmation ne sont pas identiques;
errors.register.sex;La civilit√© est requise;
errors.register.type;Le type de compte est requis;
errors.removedFromList.all;Impossible de retirer l'utilisateur des listes;
errors.removedFromList.error;Une erreur est survenue lors de la suppression de l'utilisateur de la liste {name};
errors.responses.save;Une erreur est survenue lors de la mise √† jour du profil;
errors.search.add;Une erreur est survenue lors de la sauvegarde de votre recherche;
errors.status.add;Une erreur est survenue lors de la publication du statuts;
errors.status.edit;Une erreur est survenue lors de la modification du statuts;
errors.status.village;Une erreur est survenue lors de la r√©cup√©ration des statuts des utilisateurs alentours;
errors.withdraw.add_account;Une erreur est survenue lors de l'ajout du compte bancaire.;
errors.withdraw.withdraw;Une erreur est survenue lors de la demande de virement.;
menu.admin_panel;Panel d'administration;
menu.customize;Personnaliser;
menu.logout;D√©connexion;
menu.stats;Statistiques;
fb_login;Connexion via Facebook;
registration_steps.account;Compte;
registration_steps.address;Adresse;
registration_steps.personal_informations;Informations personelles;
commentable.category;une cat√©gorie;
commentable.comment;Votre commentaire;
commentable.commented;Commentaire post√©!;
commentable.myphoto;votre photo;
commentable.mystatus;votre statut;
commentable.photo;une photo;
commentable.response;une r√©ponse;
commentable.status;un statut;
tooltips.address;Si vous ne souhaitez pas √™tre localis√© pr√©cisement, entrez l'adresse de votre mairie.;
tooltips.geolocation;Vous pourrez d√©sactiver cette fonction ult√©rieurement.;
reportable.already_reported;Vous avez d√©j√† signal√© ce contenu.;
reportable.reported;Signalement envoy√©, merci üëç;
reportable.text_message;Voulez-vous signaler ce message ?;
reportable.text_photo;Voulez-vous signaler cette photo ?;
reportable.text_post;Voulez-vous signaler ce message ?;
reportable.text_status;Voulez-vous signaler ce status ?;
reportable.title;Signaler;
reportable.title_already_reported;D√©j√† signal√©;
return;Retour;
share.on_didab;Sur Didab;
share.others;Autres partages;
share.shared;Contenu partag√© avec succ√®s !;
share.title;Partage;
next;Suivant;
comment;Commenter;
cancel;Annuler;
send;Envoyer;
validate;Valider;
delete_user;Supprimer Utilisateur;
accept_flash;Accepter;
